Amharic,am
Arabic,ar
Bulgarian,bg
Bengali,bn
Tibetan,bo
Cherokee,chr
Danish,da
German,de
Maldivian,dv
Greek,el
English,en
Spanish,es
Persian,fa
Finnish,fi
French,fr
Gujarati,gu
Hebrew,iw
Hindi,hi
Hungarian,hu
Armenian,hy
Indonesian,in
Icelandic,is
Italian,it
Inuktitut,iu
Japanese,ja
Georgian,ka
Khmer,km
Kannada,kn
Korean,ko
Lao,lo
Lithuanian,lt
Malaysian,ml
Myanmar,my
Nepali,ne
Dutch,nl
Norwegian,no
Oriya,or
Panjabi,pa
Polish,pl
Portuguese,pt
Russian,ru
Sinhala,si
Swedish,sv
Tamil,ta
Telugu,te
Thai,th
Tagalog,tl
Turkish,tr
Urdu,ur
Vietnamese,vi
Chinese,zh